playlist,video_id,video_title,uploader,duration
BIL2012 Space Stage,OTpfjrTRvx8,BIL2012 - Loretta Whitesides,BILtalks,881
BIL2013 Talks,s4TZpUqi0kI,BIL2013 - Amanda Palmer,BILtalks,1077
BIL2013 Talks,xEMqDvt19vE,BIL2013 - Jason Dunn,BILtalks,953
BIL2013 Talks,v45AtiGfolg,BIL2013 - Charlie Nox,BILtalks,877
BIL2013 Talks,ScXeKGv5RHg,BIL2013 - Ric Kaner,BILtalks,1159
BIL2013 Talks,WhmXsiSMBQA,BIL2013 - Christopher Ryan,BILtalks,1291
BIL2013 Talks,KwG-rNYZk-s,BIL2013 - Aubrey De Grey,BILtalks,973
BIL2013 Talks,V2HysamGoSg,BIL2013 - Damian Apunte,BILtalks,1081
BIL2013 Talks,m7A4aw2jJQU,BIL2013 - Matt Bell,BILtalks,808
BIL2013 Talks,FgeraNRDvUg,BIL2013 - Luke Nosek,BILtalks,1127
BIL2013 Talks,YcL1JOMRbvI,BIL2013 - Michael Laine,BILtalks,1192
BIL2013 Talks,Z-Vd_-z4DQQ,BIL2013 - Josh Whiton - Consciousness High and Low,BILtalks,985
BIL2013 Talks,7Et13DB2lvM,BIL2013 - Andy Lee,BILtalks,888
BIL2013 Talks,6RP0sx5TJLc,Amanda Palmer at the BIL Conference 2013,PCWS,123
BIL2014SF Mainstage Talks,cOb2UouppwU,BIL2014SF - Reichart Von Wolfsheild - When Privacy Is a Public Issue,BILtalks,2624
BIL2014SF Mainstage Talks,whHyhmqXyRw,"BIL2014SF - Gayle Karen Young, Chief Talent and Culture Officer at Wikimedia",BILtalks,1661
BIL2014SF Mainstage Talks,GakKzIWH2-Q,BIL2014SF - John Smart - Brain Preservation: Realizing A New Human Option To Live Again,BILtalks,1848
BIL2014SF Mainstage Talks,i7zKvSVyhzA,"BIL2014SF - Brad Templeton - What Snowden's Told Us About the NSA, and An Update on Robocars",BILtalks,1867
BIL2014SF Mainstage Talks,-fn1PzTrb38,BIL2014SF - Christine Peterson - Find Love and A Life Partner Using Science and Technology,BILtalks,1161
BIL2014SF Mainstage Talks,wFySurVN9MU,BIL2014SF - Bitcoin Panel,BILtalks,2478
BIL2014SF Mainstage Talks,eXYP9RhB_d0,BIL2014SF - Mitch Altman - International Hackers in Residence Program,BILtalks,1453
BIL2014SF Mainstage Talks,m-W1D-CFkDA,BIL2014SF - Andrea Kuszewski - Creative Disobedience,BILtalks,1116
BIL2014SF Mainstage Talks,qDMtboQeRMc,BIL2014SF - A. Jolly - Travel/Credit Card Rewards Hacking/Optiminization,BILtalks,1212
BIL2014SF Mainstage Talks,igBK2_Rect8,,,
BIL2012 The Masque Sex Positive Boiler Room,ftMRrjp9bok,"BIL2012 - Nina Hartley: Sexual Integrity, The North Star of Personal Growth and Healing",BILtalks,616
BIL2012 The Masque Sex Positive Boiler Room,-V2ky06Bt4A,BIL2012 - Sandra Daugherty: I'm a Sex Nerd and So Can You!,BILtalks,1187
BIL2012 The Masque Sex Positive Boiler Room,sCog7UQAWsk,BIL2012 - Sex Geeks Reid Mihalko and Allison Moon (LIVE FROM BIL),BILtalks,1019
BIL2015 Los Angeles - LIVE STREAM,YTxhYGG_WsY,BIL - Los Angeles 2015 - Day 1,BILtalks,20924
BIL2015 Los Angeles - LIVE STREAM,Wl_O_sewHRQ,BIL - Los Angeles 2015 - Day 2,BILtalks,25057
"BIL2014SF ""Odd Jobs"" Stage Talks",kHWQ335FaU4,BIL2014SF - Samuel Coniglio - Designing for Space Tourism,BILtalks,1982
"BIL2014SF ""Odd Jobs"" Stage Talks",J9OCXw1saeM,BIL2014SF - Paul Fuller - Astropreneur,BILtalks,609
"BIL2014SF ""Odd Jobs"" Stage Talks",ZBIMKaQQ25w,BIL2014SF - Romeo Stevens - 10 Weird Tricks to not Die,BILtalks,1317
"BIL2014SF ""Odd Jobs"" Stage Talks",MF-rHWb7LYk,BIL2014SF - Cindy Dinh - Authentic Relating,BILtalks,1318
"BIL2014SF ""Odd Jobs"" Stage Talks",eJ_4gI_DJaU,BIL2014SF - Linda Maepa - Touch and Breath for Focus,BILtalks,1032
"BIL2014SF ""Odd Jobs"" Stage Talks",ErNK5MRxIBU,BIL2014SF - Alexader Izvorski - Health and the Next 20 Years,BILtalks,1073
"BIL2014SF ""Odd Jobs"" Stage Talks",8-drdvvGX_Q,BIL2014SF - Mark Ciotola - Future Day and Fast Entropy,BILtalks,1085
"BIL2014SF ""Odd Jobs"" Stage Talks",MD-lhSW-evc,BIL2014SF - Marshall Millett - Post Archaeology in a Virtual Reality World,BILtalks,1097
"BIL2014SF ""Odd Jobs"" Stage Talks",3CQ1_nW_T0E,BIL2014SF - Max Song - Grit: The Hidden Factor to Success,BILtalks,820
"BIL2014SF ""Odd Jobs"" Stage Talks",zn67TK6LkiA,BIL2014SF - Mike Souder - Filmmaking for Engineers,BILtalks,1179
"BIL2014SF ""Odd Jobs"" Stage Talks",iefIrD_GI_I,BIL2014SF - Patrick McCulley - The Imagination Horizon,BILtalks,542
BIL: The Early Years (2008-2011),9iWNtTVm9nY,"Interivew with BIL Conference Co-Founder, Cody Bailey",62MileClub,99
BIL: The Early Years (2008-2011),uwBd40k2xx0,"Fun at BIL, the Anti-Conference",Allan Lundell,269
BIL: The Early Years (2008-2011),rQu7vRKfXys,,,
BIL: The Early Years (2008-2011),urmIsFDKaqA,Evan at BIL Conference,evanandtaco,177
BIL: The Early Years (2008-2011),bu-37FEgDj4,"Ed Wode on BIL Conference, Real Democracy and a Fair Global Economic Deal",Ed Wode,619
BIL: The Early Years (2008-2011),OVYJacPmNEg,Bil 2008 Lexi and Jonathan: Social Bonding 1 of 2,SophistRelation,412
BIL: The Early Years (2008-2011),ORW2kDs7C3U,Bil 2008 Lexi and Jonathan: Social Bonding 2 of 2,SophistRelation,599
BIL: The Early Years (2008-2011),LcZQ0LDwi-s,,,
BIL: The Early Years (2008-2011),10FQZz-EYns,,,
BIL: The Early Years (2008-2011),Xp6ifeTlO7Q,,,
BIL: The Early Years (2008-2011),_i2JgQLQR7Q,TED Meets BIL,tanjabarnes,71
BIL: The Early Years (2008-2011),H78QmGSTYPw,BIL 2010 - Matt Bell - Hacking Your Sleep,62MileClub,58
BIL: The Early Years (2008-2011),GyX2t2HxwPE,"Space Colllison Avoidance, Will Marshall + Creon Levit  talk @ BIL 2010",62MileClub,522
BIL: The Early Years (2008-2011),sDvRL2q_D64,"BIL 2010 Unconference - Eric Boyd, Wearable Electronics",62MileClub,104
BIL: The Early Years (2008-2011),qgwAzI0oYZE,BIL 2010 - Brad Templeton - Before Robot Cars,62MileClub,43
BIL: The Early Years (2008-2011),xW4Q4LHAZUI,BIL,mickipedia,177
BIL 2018 Los Angeles Day 2,0vqt4x_IeqE,BRENT BUSHNELL - Evolving Immersive Experiences - BIL 2018 LA - DAY 2,BILtalks,975
BIL 2018 Los Angeles Day 2,8fNMlnpu3Ao,WILLIAM VOLK - BIL 2018 LA - DAY 2,BILtalks,976
BIL 2018 Los Angeles Day 2,AG-3Hf0JsnM,TOMAS VERDE - BIL 2018 LA - DAY 2,BILtalks,867
BIL 2018 Los Angeles Day 2,JPrLYyP2yV8,SANDRA DAUGHERTY - BIL 2018 LA - DAY 2,BILtalks,860
BIL 2018 Los Angeles Day 2,oJoomNvDgfI,RAJ SINGH - BIL 2018 LA - DAY 2,BILtalks,1032
BIL 2018 Los Angeles Day 2,615Gv90c1HQ,MASON SIMON - BIL 2018 LA - DAY 2,BILtalks,1750
BIL 2018 Los Angeles Day 2,hYe1SUmaOwk,LESLIE KARPAS - BIL 2018 LA - DAY 2,BILtalks,823
BIL 2018 Los Angeles Day 2,64ZaQYiX4cI,LEANNA WOLFE - BIL 2018 LA - DAY 2,BILtalks,1160
BIL 2018 Los Angeles Day 2,_vUmItltT-Q,KENNETH HUGHES - BIL 2018 LA - DAY 2,BILtalks,779
BIL 2018 Los Angeles Day 2,PSGNNW-0qT8,JASON LEVIT - BIL 2018 LA - DAY 2,BILtalks,1041
BIL 2018 Los Angeles Day 2,8MYV0CCEuoQ,GREG WEBER & ÉLISA LECLAIRE - BIL 2018 LA - DAY 2,BILtalks,692
BIL 2018 Los Angeles Day 2,0vqt4x_IeqE,BRENT BUSHNELL - Evolving Immersive Experiences - BIL 2018 LA - DAY 2,BILtalks,975
BIL2015 Los Angeles - Mainstage,i4XlYlrC_fw,"BIL2015 - Michael Hartl - No, really, pi is wrong: The Tau Manifesto",BILtalks,840
BIL2015 Los Angeles - Mainstage,HvcnW96qBW4,BIL2015 - Alex Lightman - Bring It to The World and Beyond,BILtalks,1207
BIL2015 Los Angeles - Mainstage,q6IIyByaxoM,BIL2015 - Leslie Oliver Karpas - Meta-Modernism,BILtalks,812
BIL2015 Los Angeles - Mainstage,VaOtGFi741A,BIL2015 - Maria Entraigues-Abramson - The End of Aging,BILtalks,1002
BIL2015 Los Angeles - Mainstage,461p55-O09U,BIL2015 - Josh Whiton - Money & Consciousness,BILtalks,747
BIL2015 Los Angeles - Mainstage,gOjcgmq5zTM,BIL2015 - Colin Mangham - Biomimicry and Innovation Inspired by Sharks,BILtalks,927
BIL2015 Los Angeles - Mainstage,GQhpl6KzYH8,BIL2015 - Dr. Fred Navarro - Patterns of Adapting to Health,BILtalks,1041
BIL2015 Los Angeles - Mainstage,xusU4P_HT5k,BIL2015 - Den Bradshaw - Cross Conflict Communication,BILtalks,1313
BIL2015 Los Angeles - Mainstage,oy4ZNLFROlM,BIL2015 - Patrick Kitano - The Massive Hole in Local News Coverage,BILtalks,965
BIL2015 Los Angeles - Mainstage,1WlkwPZcfu8,BIL2015 - Veronica Flores - Planting Perspective: A Gardener's Guide to Being a Better Human,BILtalks,835
BIL2015 Los Angeles - Mainstage,98VaLVpJE44,BIL2015 - Ashphord Jacoway - How Cosplay Diversity Creates Unity,BILtalks,645
BIL2015 Los Angeles - Mainstage,e1t6zdtUb-g,BIL2015 - Isa Gordon - E-Waste: the Skeleton Elephant in Our Collective Closet,BILtalks,1319
BIL2015 Los Angeles - Mainstage,KmOYDbb2gEA,BIL2015 - Jenda Michl - Evolution In Architectural Design,BILtalks,1271
BIL2015 Los Angeles - Mainstage,dAFxxI9Fv2o,BIL2015 - Matt Elson - Infinity Boxes,BILtalks,667
BIL2015 Los Angeles - Mainstage,HMYwTyn27ss,BIL2015 - Mirabelle Jones - How Art & Writing Can Be Used as Weapons Against Rape Culture,BILtalks,1058
BIL2015 Los Angeles - Mainstage,Uc9qsVEWv90,BIL2015 - Ashley Booth - The Future is Psychadelic,BILtalks,855
BIL2015 Los Angeles - Mainstage,P6sa4ntzrWY,BIL2015 - Alexis Baker - Transforming Bricks into Beauty,BILtalks,923
BIL2015 Los Angeles - Mainstage,yMoOP-4VSdI,BIL2015 - Justin Dudek - Problem Solving With Different Voices In Your Head,BILtalks,1116
BIL2015 Los Angeles - Mainstage,4enkmL1S9DA,BIL2015 - Eden Harman Bernardy - The Actor's Lens: The Art and Science of Keeping an Open Mind,BILtalks,1371
BIL2015 Los Angeles - Mainstage,u4UPqA8uCpU,BIL2015 - Lee Vodra - Droplabs,BILtalks,238
BIL2015 Los Angeles - Mainstage,d-JQZDNj574,BIL2015 - Alexis Nelson and William Mark McCullough,BILtalks,523
BIL2015 Los Angeles - Mainstage,Luc4T4m80GU,,,
BIL2015 Los Angeles - Your Videos,o0J_gSKEPBo,BIL Conference 2015 : Los Angeles,Meg Strout,192
BIL2015 Los Angeles - Your Videos,o6na9f76lDo,BIL Wants To Know...,BILtalks,318
BIL2015 Los Angeles - Your Videos,ukJm2sihQ74,Goofing Off at the BIL Conference,BILtalks,148
BIL 2018 Los Angeles Day 1,9C7v9ksqDO0,WILLIAM VOLK 2 - BIL 2018 LA,BILtalks,846
BIL 2018 Los Angeles Day 1,U68oTmfpVIY,ALEXANDROS PAGIDAS - BIL 2018 LA,BILtalks,1031
BIL 2018 Los Angeles Day 1,kJ0yEvK7YOU,DEMETRI SAMPAS - BIL 2018 LA,BILtalks,614
BIL 2018 Los Angeles Day 1,EkBBKXDet8A,JUSTIN DUDEK - BIL 2018 LA,BILtalks,1088
BIL 2018 Los Angeles Day 1,dQ0KlyMcqJY,KATHY SAGE   KMOM - BIL 2018 LA,BILtalks,1150
BIL 2018 Los Angeles Day 1,YmpWtkKN_3o,LEANNA WOLFE - BIL 2018 LA,BILtalks,1375
BIL 2018 Los Angeles Day 1,ggGOcU5d5Rw,MICHAEL GAT 2nd Talk - BIL 2018 LA,BILtalks,1174
BIL 2018 Los Angeles Day 1,Cj5U6CQfJBA,MICHAEL GAT - BIL 2018 LA,BILtalks,935
BIL 2018 Los Angeles Day 1,I_AdrLmEYOY,MIKE FAIR - BIL 2018 LA,BILtalks,891
BIL 2018 Los Angeles Day 1,_seyFuUdmy0,PAUL CAREY - BIL 2018 LA,BILtalks,1148
BIL 2018 Los Angeles Day 1,O3QKkquh3bg,JOHN GWINNER - BIL 2018 LA,BILtalks,1283
BIL 2018 Los Angeles Day 1,3n1dg8BkPgY,STEVE FRIEDMAN - BIL 2018 LA,BILtalks,1162
BIL 2018 Los Angeles Day 1,6yplzif60KQ,WILLIAM VOLK - BIL 2018 LA,BILtalks,1320
BIL2016 Los Angeles Mobius Stage,vB055U-o-To,Clinton (Cosmo) Mielke: Curing Death with Data,BILtalks,1139
BIL2016 Los Angeles Mobius Stage,pupyj_2jR24,Veronica Flores: What Are You Doing with Your Life?,BILtalks,927
BIL2016 Los Angeles Mobius Stage,irqT27DelU8,Ralf-Rainer von Albedyhll: The Unlikely Story,BILtalks,556
BIL2016 Los Angeles Mobius Stage,dt4f8gMd_Dw,Paul Hynek & Gregg Katano - Future of VR,BILtalks,1513
BIL2016 Los Angeles Mobius Stage,JUHsLVQmCs4,Neal Anderberg: Non-Profit Sustainability,BILtalks,1326
BIL2016 Los Angeles Mobius Stage,0Bt4DQzAx_M,Nathan Miller: House of Parnofiello: Free Will Act In Deed,BILtalks,1182
BIL2016 Los Angeles Mobius Stage,tJ4gRvWoRU0,Mike “Pez” Pesavento: New Dimensions in Visualizing Biology,BILtalks,1132
BIL2016 Los Angeles Mobius Stage,ASnJTBtHSC8,Michael Cummings & Cody Marx Bailey: The Future of BIL,BILtalks,1159
BIL2016 Los Angeles Mobius Stage,wlvtEh6Xqro,Dr. Kevin Peter Hickerson: Powering Tomorrow,BILtalks,1610
BIL2016 Los Angeles Mobius Stage,DN6Nu9KSt_k,Kenneth Hughes – Art Monks and remarriage to Science,BILtalks,1063
BIL2016 Los Angeles Mobius Stage,fESWFza4CGY,"Julien Emile-Geay: Empty Heavens:  Societies, Beliefs, and Droughts",BILtalks,1826
BIL2016 Los Angeles Mobius Stage,yoo-7bnwKp8,Jeffrey Szilagyi: Stress Intelligence,BILtalks,1361
BIL2016 Los Angeles Mobius Stage,mMzVTcx2WwE,Heather VanCura: Top Ten Ways to Ally for Women in Tech,BILtalks,1430
BIL2016 Los Angeles Mobius Stage,kVP6eBeiw-w,Hamed Mirzaei: From Rocks to Humans:  What it really means to be alive!,BILtalks,1438
BIL2016 Los Angeles Mobius Stage,71rYtAH5OeM,Emmett Furey: Social Media Storytelling,BILtalks,815
BIL2016 Los Angeles Mobius Stage,VkwYHAbuawc,Devin O’Neill: Trump and Miley:  Creating Cultural Conversations,BILtalks,975
BIL2016 Los Angeles Mobius Stage,KppOGyjVEnU,Gary Stuart: Whose MOVIE are you LIVING in?,BILtalks,588
BIL2015 - BILYouth Interviews,RkOfqas5dvA,BILYouth Interviews the BIL Conference Founders,BILtalks,1330
BIL2015 - BILYouth Interviews,6c0xkSFLJ1o,BILYouth Interviews Reichart Von Wolfsheild,BILtalks,425
BIL2015 - BILYouth Interviews,SgT-_eALyto,BILYouth Interviews Den Bradshaw,BILtalks,233
BIL2015 - BILYouth Interviews,fn73WZPebpc,BILYouth Interviews Christy Fair and Fedje Lang,BILtalks,379
BIL2015 - BILYouth Interviews,HJbsGpVMZFY,BILYouth Interviews Jonah Spear,BILtalks,172
BIL2015 - BILYouth Interviews,UUIvkn1_Fqo,BILYouth Interviews Alex Lightman,BILtalks,195
BIL2015 - BILYouth Interviews,a_novQoLZog,,,
BIL2016 Vancouver,xXdganh4akA,Dr. Alexandra Greenhill - BIL Vancouver 2016,BILtalks,491
BIL2016 Vancouver,okNeTqq3CmM,,,
BIL2016 Vancouver,EDhX03LeyR0,Andrea Reimer - BIL Vancouver 2016,BILtalks,838
BIL2016 Vancouver,z1t72boDgQ4,Bartosz Bos - BIL Vancouver 2016,BILtalks,1013
BIL2016 Vancouver,Bb6Osa26220,Dianna Ng - BIL Vancouver 2016,BILtalks,611
BIL2016 Vancouver,5bLa7oCKgwY,,,
BIL2016 Vancouver,4JbUG7XD7S0,Jodie Ortega - BIL Vancouver 2016,BILtalks,1053
BIL2016 Vancouver,4XKKwLzOJkI,Jason Porath - BIL Vancouver 2016,BILtalks,1109
BIL2016 Vancouver,VINHmlrGWzQ,Lisa Bunnage - BIL vancouver 2016,BILtalks,641
BIL2016 Vancouver,4xhw2RIZxdA,Matt Toner - BIL Vancouver 2016,BILtalks,787
BIL2016 Vancouver,EJl8SIZmXZs,Meena Sandhu - BIL Vancouver 2016,BILtalks,1006
BIL2016 Vancouver,8VjMw56Gjp4,Tracey Friesen - BIL Vancouver 2016,BILtalks,1075
BIL2016 Vancouver,PV-e08mVPG4,Billie Carn - BIL Vancouver 2016,BILtalks,658
BIL2016 Vancouver,INeTAGDKJ3w,Collen Wynia - BIL Vancouver 2016,BILtalks,1071
BIL2016 Vancouver,3Yk4bBPvTM4,Corinne Lea - BIL Vancouver 2016,BILtalks,1176
BIL2016 Vancouver,85b6cm7wvIQ,David Ascher - BIL Vancouver 2016,BILtalks,1088
BIL2016 Vancouver,huOI90KVG90,Jacob McGill - BIL Vancouver 2016,BILtalks,1332
BIL2016 Vancouver,Aa2itoAJRl8,Jordan Matthew Yerman - BIL Vancouver 2016,BILtalks,871
BIL2016 Vancouver,6G5peu2Jp98,Karen Magill - BIL Vancouver 2016,BILtalks,1030
BIL2016 Vancouver,tiAfl1fHkMc,Lola Frost - BIL Vancouver 2016,BILtalks,1090
BIL2016 Vancouver,f5NuL97yHZs,Melanie Knight - BIL Vancouver 2016,BILtalks,945
BIL2016 Vancouver,IGVamNPFBss,Melissa Higgs - BIL Vancouver 2016,BILtalks,1082
BIL2016 Vancouver,XrDs_YL2TP8,Michael Gordon - BIL Vancouver 2016,BILtalks,1318
BIL2016 Vancouver,ePPSmok50hc,Micheal Persimmon - BIL Vancouver 2016,BILtalks,1385
BIL2016 Vancouver,CxbAXKZY_rM,Signe Miranda - BIL Vancouver 2016,BILtalks,1186
BIL2016 Vancouver,25KGcLi7dSQ,Nikolas Badminton - BIL Vancouver 2016,BILtalks,1168
BIL2016 Vancouver,UvbcV0rFyVo,Ollie Rankin - BIL Vancouver 2016,BILtalks,1280
BIL2016 Vancouver,5MyfgYhj788,Pablos Holman - BIL Vancouver 2016,BILtalks,1283
BIL2016 Vancouver,OgX0qnMtKaQ,Rick Shetty - BIL Vancouver 2016,BILtalks,1235
BIL2016 Vancouver,iGaxko6g1LI,Sacheen Pointe & Joe James Rampanen - BIL Vancouver 2016,BILtalks,1052
BIL2016 Vancouver,BI4xToe3Vo8,Scott Pownell - BIL Vancouver 2016,BILtalks,863
BIL2016 Vancouver,HRE-SBjv9mQ,Shannon Lammie - BIL Vancouver 2016,BILtalks,474
BIL2016 Vancouver,k_z0_WYxCJ4,Yana Kabirova - BIL Vancouver 2016,BILtalks,319
BIL2012 Main Stage,XDWRDCM3BXo,"BIL2012 - Dave Asprey: Bio Hacking, Longevity Via Salt",BILtalks,1136
BIL2012 Main Stage,ZluMysK2B1E,BIL2012 - Mencius Moldbug: How to Reboot the US Government,BILtalks,1097
BIL2012 Main Stage,cGsMfQ5whCM,BIL2012 - Jimmy Delshad: KEY NOTE - The Smart City,BILtalks,1075
BIL2012 Main Stage,UqhVSSKv858,"BIL2012 - Jamais Cascio: Worldchanging, Open the Future",BILtalks,1259
BIL2012 Main Stage,2_Hr2uAYHPc,BIL2012 - Reid Mihalko: Reid About Sex,BILtalks,870
BIL2012 Main Stage,AgcP3VkdQ-E,Welcome to BIL 2012!,BILtalks,1055
BIL2012 Main Stage,2TkkRhPrhBo,BIL2012 - Ray Podder: The New Abundant Energy Revolution & The Power of You,BILtalks,1211
BIL2012 Main Stage,z1eRiHflBIU,,,
BIL2012 Main Stage,Ho7WyIUwwIg,"BIL2012 - Mike Rose: Intuitive IQ, The Four Fundamentals of Success",BILtalks,519
BIL2012 Main Stage,EvVoE9hHjUE,BIL2012 - Micah Daigle: Upgrade Democracy,BILtalks,971
BIL2012 Main Stage,a6UZ19QS2JU,BIL2012 - Max More: Join the .00002% and Live Again,BILtalks,939
BIL2012 Main Stage,c-E6LX0UrGE,"BIL2012 - Matt Bell, Jean Rintoul, and Mike Minadeo: Three 5 Minute Talks",BILtalks,990
BIL2012 Main Stage,yAUjYGcreXU,BIL2012 - Luke Nosek: Brain Training through Meditation,BILtalks,1980
BIL2012 Main Stage,YfS37XreAa4,BIL 2012.mov,Vecc Schiafino,200
BIL2012 Main Stage,TOom_xOX1zE,Welcome to BIL 2012!,BILconf,114
BIL2014 Vancouver,6yc2A__aVWc,,,
BIL2014 Vancouver,KC0NQPJ50hQ,BIL 2014'S (AND TED'S) EXCELLENT ADVENTURE ... TO VANCOUVER.,Angelina Theilmann,93
BIL2014 Vancouver,p-63jJ7u_HQ,,,
BIL2014 Vancouver,zK4HHnITpJ4,,,
BIL2014 Vancouver,HP8WEMEQL2M,,,
BIL2014 Vancouver,xjgMoAnCeMA,Ukulele - Amanda Palmer #BIL2014,NinjaVan,387
BIL2014 Vancouver,oaRIbhdqFZc,July Tale - Neil Gaiman #BIL2014,NinjaVan,285
BIL2014 Vancouver,b-Ysyx6YJ_w,Why I write horror for children - Neil Gaiman #BIL2014,NinjaVan,731
BIL2014 Vancouver,A5Y9jO6nEpM,Why? - Jason Webley #BIL2014,NinjaVan,224
BIL2014 Vancouver,tOTGWFTnH6g,,,
BIL2014 Vancouver,bfd2cFxiM70,,,
BIL 2016 Los Angeles Talks,N2rXmnfdrgw,John Bates: Communicating with Human Beings is Not Logical (It’s Biological),BILtalks,1045
BIL 2016 Los Angeles Talks,EBEfhKdmb9g,John Smart: Your Personal Sim: The Brave New World of Smart Agents,BILtalks,977
BIL 2016 Los Angeles Talks,PyGufQnbJms,Alex Lightman: Medical VR is VR’s Killer App,BILtalks,990
BIL 2016 Los Angeles Talks,K3IE-orkWyM,Julia Bossmann: Forecasting,BILtalks,1276
BIL 2016 Los Angeles Talks,I83ywM-zd4k,Tom W. Bell: Ulex: An Open Source Legal System,BILtalks,973
BIL 2016 Los Angeles Talks,ekgSL_sO2Ic,"Maria Entraigues Abramson: The Fountain Of Youth - Come on in, the water’s fine!",BILtalks,1137
BIL 2016 Los Angeles Talks,yzkdKWVo1k4,"Christopher Spalding: Upside-down, Inside-out Solar Systems",BILtalks,989
BIL 2016 Los Angeles Talks,PX5bes7z4Lg,Dr. Aubrey de Grey: The Need to Dispel Longevity Sticker Shock,BILtalks,2261
BIL 2016 Los Angeles Talks,SjhN-4txYj8,Kevin Lew - Your Bleeding Heart is Not Enough: The Purpose and Pragmatics of Social Impact,BILtalks,954
BIL 2016 Los Angeles Talks,VbNSYQx12oA,Raj Singh: What AI Actually Means For You,BILtalks,909
BIL 2016 Los Angeles Talks,t_o3pfZKI0A,Chris Vasquez: Hyperloop: 21st Century Transportation,BILtalks,1001
BIL 2016 Los Angeles Talks,pbOPBmrxRso,Tami Reiss: Be a Scientist,BILtalks,960
BIL 2016 Los Angeles Talks,peWlgxqZFCg,Sonya Lee: UX Your Life,BILtalks,798
BIL 2016 Los Angeles Talks,VKBuwgBbnAE,Judy Frankel: The Future of Food: How to Secure a Healthier Agricultural Food System,BILtalks,1042
BIL 2016 Los Angeles Talks,LKapqCiKrJ0,Todd White: Biohacked Wine : Kill Your Hangover,BILtalks,1043
BIL 2016 Los Angeles Talks,56r0Qv4-h5s,Rahul Sonnad: Autonomous Cars and the Coming Transportation Cloud,BILtalks,903
BIL 2016 Los Angeles Talks,XvPaPS6gm70,D. Cotter: B2H: Brands’ Path To Success In Social Media,BILtalks,1392
BIL 2016 Los Angeles Talks,L3jIZsHMhSo,Eden Harman Bernardy: What Are You Afraid of? ‎Harness the Power of Fear,BILtalks,1336
BIL 2016 Los Angeles Talks,vreoYkjrM_M,"Sound Bath with Sonorous Cello & Otherworldly Chanting, by Mystic Pete",BILtalks,913
BIL 2016 Los Angeles Talks,hyPyeIxcWAk,Pop Culture Hero Coalition: Anti-Bullying and Social Justice,BILtalks,3603
BIL 2016 Los Angeles Talks,8TiYESCeNNQ,Alex Wormuth:  Data Saves Lives,BILtalks,455
BIL 2016 Los Angeles Talks,NC5PvU_gPqw,Belle Phénomène: Sexual Objectification of the Female Nipple,BILtalks,427
BIL 2016 Los Angeles Talks,_ycgpfAIE1U,Christine Peterson: Keynote: Long-term Relationships & Hookup Culture: Maximizing Human Happiness,BILtalks,1270
BIL 2016 Los Angeles Talks,_KGFe8S_Kgs,Dezso Molnar,BILtalks,1196
BIL 2016 Los Angeles Talks,o3VQvQaSc08,Darren Fujimoto: Successful Dating for Introverts & Intellectuals in the Technocentric Era,BILtalks,1778
BIL 2016 Los Angeles Talks,R2EGRACxINw,"Evo Heyning: Love Maps: Interpersonal Relationships, Communication, Personal Growth",BILtalks,717
BIL 2016 Los Angeles Talks,KppOGyjVEnU,Gary Stuart: Whose MOVIE are you LIVING in?,BILtalks,588
BIL 2016 Los Angeles Talks,8C22QM-icnA,Glenn Sagon: How Emotional Marketing Is Impacting Business,BILtalks,836
BIL 2016 Los Angeles Talks,nnAv7RrJv2Y,Jason Bowers: Becoming a “Real Man”,BILtalks,1096
BIL 2016 Los Angeles Talks,4iHZJupnoWM,Justin Dudek: How to Build a Better ‘You’ Using Old Family Photos,BILtalks,754
BIL 2016 Los Angeles Talks,vB055U-o-To,Clinton (Cosmo) Mielke: Curing Death with Data,BILtalks,1139
BIL 2016 Los Angeles Talks,pupyj_2jR24,Veronica Flores: What Are You Doing with Your Life?,BILtalks,927
BIL 2016 Los Angeles Talks,irqT27DelU8,Ralf-Rainer von Albedyhll: The Unlikely Story,BILtalks,556
BIL 2016 Los Angeles Talks,dt4f8gMd_Dw,Paul Hynek & Gregg Katano - Future of VR,BILtalks,1513
BIL 2016 Los Angeles Talks,JUHsLVQmCs4,Neal Anderberg: Non-Profit Sustainability,BILtalks,1326
BIL 2016 Los Angeles Talks,0Bt4DQzAx_M,Nathan Miller: House of Parnofiello: Free Will Act In Deed,BILtalks,1182
BIL 2016 Los Angeles Talks,tJ4gRvWoRU0,Mike “Pez” Pesavento: New Dimensions in Visualizing Biology,BILtalks,1132
BIL 2016 Los Angeles Talks,ASnJTBtHSC8,Michael Cummings & Cody Marx Bailey: The Future of BIL,BILtalks,1159
BIL 2016 Los Angeles Talks,wlvtEh6Xqro,Dr. Kevin Peter Hickerson: Powering Tomorrow,BILtalks,1610
BIL 2016 Los Angeles Talks,DN6Nu9KSt_k,Kenneth Hughes – Art Monks and remarriage to Science,BILtalks,1063
BIL 2016 Los Angeles Talks,fESWFza4CGY,"Julien Emile-Geay: Empty Heavens:  Societies, Beliefs, and Droughts",BILtalks,1826
BIL 2016 Los Angeles Talks,yoo-7bnwKp8,Jeffrey Szilagyi: Stress Intelligence,BILtalks,1361
BIL 2016 Los Angeles Talks,mMzVTcx2WwE,Heather VanCura: Top Ten Ways to Ally for Women in Tech,BILtalks,1430
BIL 2016 Los Angeles Talks,kVP6eBeiw-w,Hamed Mirzaei: From Rocks to Humans:  What it really means to be alive!,BILtalks,1438
BIL 2016 Los Angeles Talks,71rYtAH5OeM,Emmett Furey: Social Media Storytelling,BILtalks,815
BIL 2016 Los Angeles Talks,VkwYHAbuawc,Devin O’Neill: Trump and Miley:  Creating Cultural Conversations,BILtalks,975
BIL 2016 Los Angeles Talks,k-FkViRgQ10,Troy Gardner: 10 Simple Ways for Better Coffee (aka. you are probably brewing coffee all wrong…),BILtalks,1074
BIL 2016 Los Angeles Talks,6E61Wj-m3r8,Stuart Sherman: Why Software Sucks,BILtalks,1436
BIL 2016 Los Angeles Talks,ueKYLiWFuRU,Snohomish Brown: Helping the Body Heal Itself:  Applications of Qi Gong and Chinese medicine,BILtalks,1825
BIL 2016 Los Angeles Talks,c5vbjQnxzEI,Simmone Park: Trust Your Intuition and Face Your Fear,BILtalks,1049
BIL 2016 Los Angeles Talks,Mrgy3DhY70k,Paul A. Spiegel: A Shamanic Nexus for Cancer Treatment,BILtalks,1073
BIL 2016 Los Angeles Talks,HP0EoAnTqLI,Mya Stark: Tinkering with Education: Teaching Kids How to Learn Like a Maker,BILtalks,605
BIL 2016 Los Angeles Talks,Ee8a5Drc9_4,Linda Maepa: The Future of Energy is Cybersecurity,BILtalks,795
BIL 2016 Los Angeles Talks,jp2DjjrFNx8,Kevin Russell: Optimism is our Responsibility,BILtalks,1908
BIL 2016 Los Angeles Talks,YDHIHi8tbp8,Isa Gordon: The Age of Distraction & the Future of Wearable Tech,BILtalks,1496
BIL2016 Los Angeles Main Stage,EBEfhKdmb9g,John Smart: Your Personal Sim: The Brave New World of Smart Agents,BILtalks,977
BIL2016 Los Angeles Main Stage,PyGufQnbJms,Alex Lightman: Medical VR is VR’s Killer App,BILtalks,990
BIL2016 Los Angeles Main Stage,K3IE-orkWyM,Julia Bossmann: Forecasting,BILtalks,1276
BIL2016 Los Angeles Main Stage,I83ywM-zd4k,Tom W. Bell: Ulex: An Open Source Legal System,BILtalks,973
BIL2016 Los Angeles Main Stage,ekgSL_sO2Ic,"Maria Entraigues Abramson: The Fountain Of Youth - Come on in, the water’s fine!",BILtalks,1137
BIL2016 Los Angeles Main Stage,yzkdKWVo1k4,"Christopher Spalding: Upside-down, Inside-out Solar Systems",BILtalks,989
BIL2016 Los Angeles Main Stage,PX5bes7z4Lg,Dr. Aubrey de Grey: The Need to Dispel Longevity Sticker Shock,BILtalks,2261
BIL2016 Los Angeles Main Stage,SjhN-4txYj8,Kevin Lew - Your Bleeding Heart is Not Enough: The Purpose and Pragmatics of Social Impact,BILtalks,954
BIL2016 Los Angeles Main Stage,VbNSYQx12oA,Raj Singh: What AI Actually Means For You,BILtalks,909
BIL2016 Los Angeles Main Stage,t_o3pfZKI0A,Chris Vasquez: Hyperloop: 21st Century Transportation,BILtalks,1001
BIL2016 Los Angeles Main Stage,pbOPBmrxRso,Tami Reiss: Be a Scientist,BILtalks,960
BIL2016 Los Angeles Main Stage,peWlgxqZFCg,Sonya Lee: UX Your Life,BILtalks,798
BIL2016 Los Angeles Main Stage,VKBuwgBbnAE,Judy Frankel: The Future of Food: How to Secure a Healthier Agricultural Food System,BILtalks,1042
BIL2016 Los Angeles Main Stage,LKapqCiKrJ0,Todd White: Biohacked Wine : Kill Your Hangover,BILtalks,1043
BIL2016 Los Angeles Main Stage,56r0Qv4-h5s,Rahul Sonnad: Autonomous Cars and the Coming Transportation Cloud,BILtalks,903
BIL2016 Los Angeles Main Stage,XvPaPS6gm70,D. Cotter: B2H: Brands’ Path To Success In Social Media,BILtalks,1392
BIL2016 Los Angeles Main Stage,L3jIZsHMhSo,Eden Harman Bernardy: What Are You Afraid of? ‎Harness the Power of Fear,BILtalks,1336
BIL2016 Los Angeles Main Stage,vreoYkjrM_M,"Sound Bath with Sonorous Cello & Otherworldly Chanting, by Mystic Pete",BILtalks,913
BIL2016 Los Angeles Main Stage,hyPyeIxcWAk,Pop Culture Hero Coalition: Anti-Bullying and Social Justice,BILtalks,3603
BIL2016 Los Angeles Main Stage,YDHIHi8tbp8,Isa Gordon: The Age of Distraction & the Future of Wearable Tech,BILtalks,1496
BIL2016 Los Angeles Main Stage,N2rXmnfdrgw,John Bates: Communicating with Human Beings is Not Logical (It’s Biological),BILtalks,1045
BIL 2016 Los Angeles Meliorist Stage,k-FkViRgQ10,Troy Gardner: 10 Simple Ways for Better Coffee (aka. you are probably brewing coffee all wrong…),BILtalks,1074
BIL 2016 Los Angeles Meliorist Stage,6E61Wj-m3r8,Stuart Sherman: Why Software Sucks,BILtalks,1436
BIL 2016 Los Angeles Meliorist Stage,ueKYLiWFuRU,Snohomish Brown: Helping the Body Heal Itself:  Applications of Qi Gong and Chinese medicine,BILtalks,1825
BIL 2016 Los Angeles Meliorist Stage,c5vbjQnxzEI,Simmone Park: Trust Your Intuition and Face Your Fear,BILtalks,1049
BIL 2016 Los Angeles Meliorist Stage,Mrgy3DhY70k,Paul A. Spiegel: A Shamanic Nexus for Cancer Treatment,BILtalks,1073
BIL 2016 Los Angeles Meliorist Stage,HP0EoAnTqLI,Mya Stark: Tinkering with Education: Teaching Kids How to Learn Like a Maker,BILtalks,605
BIL 2016 Los Angeles Meliorist Stage,Ee8a5Drc9_4,Linda Maepa: The Future of Energy is Cybersecurity,BILtalks,795
BIL 2016 Los Angeles Meliorist Stage,jp2DjjrFNx8,Kevin Russell: Optimism is our Responsibility,BILtalks,1908
BIL 2016 Los Angeles Meliorist Stage,4iHZJupnoWM,Justin Dudek: How to Build a Better ‘You’ Using Old Family Photos,BILtalks,754
BIL 2016 Los Angeles Meliorist Stage,8C22QM-icnA,Glenn Sagon: How Emotional Marketing Is Impacting Business,BILtalks,836
BIL 2016 Los Angeles Meliorist Stage,R2EGRACxINw,"Evo Heyning: Love Maps: Interpersonal Relationships, Communication, Personal Growth",BILtalks,717
BIL 2016 Los Angeles Meliorist Stage,_KGFe8S_Kgs,Dezso Molnar,BILtalks,1196
BIL 2016 Los Angeles Meliorist Stage,o3VQvQaSc08,Darren Fujimoto: Successful Dating for Introverts & Intellectuals in the Technocentric Era,BILtalks,1778
BIL 2016 Los Angeles Meliorist Stage,_ycgpfAIE1U,Christine Peterson: Keynote: Long-term Relationships & Hookup Culture: Maximizing Human Happiness,BILtalks,1270
BIL 2016 Los Angeles Meliorist Stage,NC5PvU_gPqw,Belle Phénomène: Sexual Objectification of the Female Nipple,BILtalks,427
BIL 2016 Los Angeles Meliorist Stage,8TiYESCeNNQ,Alex Wormuth:  Data Saves Lives,BILtalks,455
BIL 2016 Los Angeles Meliorist Stage,nnAv7RrJv2Y,Jason Bowers: Becoming a “Real Man”,BILtalks,1096
BIL2015 - LA: First Flash,LOAEj8KSn2Q,Joseph Vaughn-Perling - The Technology of Money,BILtalks,1634
BIL2015 - LA: First Flash,9331fxwa79U,Liam Kennedy - How can a tech gadget make you feel closer to the only 6 people in space!,BILtalks,998
BIL2015 - LA: First Flash,vlwLVXYGQGY,Erin Tillman - How To Make Dating in LA Fun & Fantastical,BILtalks,988
BIL2015 - LA: First Flash,9jOsZwZ27Mo,Bianca Nasser - Introducing Means To A friend,BILtalks,137
BIL2015 - LA: First Flash,oHmISX7QVdo,Mystic Pete - Wonderful Musical Experience,BILtalks,773
BIL2015 - LA: First Flash,ih66eQxz2Fw,Alex Wormuth - Wearables: Transforming the Future of Medicine,BILtalks,924
BIL2015 - LA: First Flash,tXIh7aUjlHo,"Ashley Booth - The Future is Psychedelic: Medicine, Social Change, and Cognitive Liberty",BILtalks,1523
"BIL2015 Los Angeles - Emerging Tech Stage and Design, Empathy, and Social Justice Stage",GbRZWVUVX-A,BIL2015 - Todd Huffman - The Frontlines of Geek Imperialism,BILtalks,1613
"BIL2015 Los Angeles - Emerging Tech Stage and Design, Empathy, and Social Justice Stage",pSy6iS69Crk,BIL2015 - Eric Shuss - The Robot Revolution Has Begun,BILtalks,1111
"BIL2015 Los Angeles - Emerging Tech Stage and Design, Empathy, and Social Justice Stage",_GzPA9AnRqA,BIL2015 - Scott Reynolds - Earthdrop Designs: Using Lasers to Create Art,BILtalks,937
"BIL2015 Los Angeles - Emerging Tech Stage and Design, Empathy, and Social Justice Stage",TlOouD5FXJc,BIL2015 - Lauren Barghout Ph.D. - Seeing in 5 Dimensions: A fuzzy perspective from the world of AI,BILtalks,1474
"BIL2015 Los Angeles - Emerging Tech Stage and Design, Empathy, and Social Justice Stage",99OeF8Ay1R8,BIL2015 - Kachina Gosselin - (Underwater) Citizen Science,BILtalks,1013
"BIL2015 Los Angeles - Emerging Tech Stage and Design, Empathy, and Social Justice Stage",DBoEwnH427M,BIL2015 - Judd Weiss - Focus and Photography,BILtalks,2055
"BIL2015 Los Angeles - Emerging Tech Stage and Design, Empathy, and Social Justice Stage",Ipp6Z6ktAis,BIL2015 - Anil Pattni - The Maker and Hacker Movement,BILtalks,1237
"BIL2015 Los Angeles - Emerging Tech Stage and Design, Empathy, and Social Justice Stage",tUVRD08oMiM,BIL2015 - Chris Lopez - The Importance of Making,BILtalks,845
"BIL2015 Los Angeles - Emerging Tech Stage and Design, Empathy, and Social Justice Stage",qrcXtPJgpBw,BIL2015 - Victoria Burke - Protecting the Dream: IP and Legal Issues,BILtalks,770
"BIL2015 Los Angeles - Emerging Tech Stage and Design, Empathy, and Social Justice Stage",V9xZjCygBsY,BIL2015 - Devin O'Neill - Kanye West and the Media of Possibility,BILtalks,763
"BIL2015 Los Angeles - Emerging Tech Stage and Design, Empathy, and Social Justice Stage",o1WY2Vo0BG0,BIL2015 - Byron Go - Dancing With the Magic of Synchronicity,BILtalks,1044
"BIL2015 Los Angeles - Emerging Tech Stage and Design, Empathy, and Social Justice Stage",sJO_pOZZBkE,BIL2015 - Andrew McGregor - Citizen Journalism,BILtalks,549
"BIL2015 Los Angeles - Emerging Tech Stage and Design, Empathy, and Social Justice Stage",hrJtyLaqYmo,BIL2015 - Andrew McGregor - Humanitarian Robots,BILtalks,392
"BIL2015 Los Angeles - Emerging Tech Stage and Design, Empathy, and Social Justice Stage",o7ODQ74eZkw,"BIL2015 - Tim Huffman, Chris Franco, and Tamara Chacon - Empathy Panel",BILtalks,1435
"BIL2015 Los Angeles - Emerging Tech Stage and Design, Empathy, and Social Justice Stage",W79LXSH4lf8,BIL2015 - Hailey McCann - Fitness for the Modern Age,BILtalks,760
"BIL2015 Los Angeles - Emerging Tech Stage and Design, Empathy, and Social Justice Stage",y5ceq71msM8,BIL2015 - David Resnick - Stutter Social,BILtalks,1309
"BIL2015 Los Angeles - Emerging Tech Stage and Design, Empathy, and Social Justice Stage",7m5zbSAwRgE,BIL2015 - Kathleen Sage - The Legal Environment of a Small Business,BILtalks,1671
BIL2013 Videos Created by Attendees,BLhAOIO7GEM,BIL 2013 Setup,Gabriele Santilli,104
BIL2013 Videos Created by Attendees,sP_Ve-Jt-H8,BIL 2013,Gabriele Santilli,131
BIL2013 Videos Created by Attendees,9ER21VijVGE,Interview with BIL Conference Co-Founder Todd Huffman,Long Beach Post,161
BIL2013 Videos Created by Attendees,UjOgoWJ9-FQ,Why I Came to BIL (LIVE FROM BIL),Carter Gibson,957
BIL2013 Videos Created by Attendees,f2Rz8wmFFCM,Waldorf Education (LIVE FROM BIL),Carter Gibson,1560
BIL2013 Videos Created by Attendees,vFvZ60E5puI,Max Marty of BlueSeed (LIVE FROM BIL),Carter Gibson,1244
BIL2013 Videos Created by Attendees,XWdrevmikpA,How we became best friends at BIL (LIVE FROM BIL),Carter Gibson,1234
BIL2013 Videos Created by Attendees,0Ga-rvLypNk,Naughty Librarians at BIL (LIVE FROM BIL),Carter Gibson,984
BIL2013 Videos Created by Attendees,mTK7JFB4yKc,"Mike Rose, Founder and CEO of Intuitive IQ (LIVE FROM BIL)",Carter Gibson,1011
BIL2013 Videos Created by Attendees,f78r6LSb1_4,Dr.Nuclear is a Mad Scientist (LIVE FROM BIL),Carter Gibson,1100
BIL2013 Videos Created by Attendees,Bp4Z76N8kBI,,,
BIL2013 Videos Created by Attendees,wBaFjMQNo4g,"Guilty Pleasures and the Creative Process, Pt. 1 - Karuna Tanahashi - BIL 2013",Karuna Tanahashi,504
BIL2013 Videos Created by Attendees,pmI2cV3mWXo,"Guilty Pleasures and the Creative Process, Pt. 2 - Karuna Tanahashi - BIL 2013",Karuna Tanahashi,321
(no playlist — BILtalks - Videos),WXeIfcUqHlc,BIL Convention 2011 Long Beach California,,273
(no playlist — BILtalks - Videos),r4XKvRs1Src,BIL 2012 - Lucien Vattel - Gamedesk [Hunter's Cam],,993
(no playlist — BILtalks - Videos),ng90fwwWlIA,BIL 2012 - Kai Chang - Jury Nullification [Main Feed],,1019
(no playlist — BILtalks - Videos),ljrgmIOoIfA,BIL 2012 - Jonathan Toomin - Neuroscience [Hunter's Cam],,994
(no playlist — BILtalks - Videos),bqcu3UDSNjA,BIL 2012 - Loretta Whitesides - Zero Gravity [Main Feed],,549
(no playlist — BILtalks - Videos),WfO24-FYnwg,BIL 2012 - Google Hangout with Mike Rose,,385
(no playlist — BILtalks - Videos),WFY1eojtXpA,BIL 2012 - Greg Gage - Backyard Brains [Hunter's Cam],,725
(no playlist — BILtalks - Videos),VllucnRbHAM,BIL 2012 - Isaiah Frizzell - Culinary Copyright and the Future of Fine Dining [Main Feed],,600
(no playlist — BILtalks - Videos),VlDgO3sXQzc,BIL 2012 - Jonathan Toomin - Neuroscience [Main Feed],,359
(no playlist — BILtalks - Videos),ImEt62_79aE,"BIL 2012 - Jaan Tallinn - Co-Founder Skype, Singularitarian [Main Feed]",,1411
(no playlist — BILtalks - Videos),GmM2h1ukiHY,BIL 2012 - Greg Gage - Backyard Brains [Main Feed],,216
(no playlist — BILtalks - Videos),G62ngxWMrGk,BIL 2012 - John Roberts - Purpose Driven Education [Main Feed],,992
(no playlist — BILtalks - Videos),5vnT381731E,"BIL 2012 - Judd Weiss - Hustle Bear, Weiss Investments [Main Feed]",,973
(no playlist — BILtalks - Videos),5v5lG-Unp44,BIL 2012 - Google Hangout with Reid and Allison,,354
(no playlist — BILtalks - Videos),57fFWxIcQXU,BIL 2012 - John Spencer - Space Tourism Society [Main Feed],,1322
(no playlist — BILtalks - Videos),42UliFPtbNI,BIL 2012 - Rex Ridenoure,,1376
(no playlist — BILtalks - Videos),pd9iIIecL0U,BIL 2012 - Alexandros & Damian - Redesigning Heroism Part 2 [Main Feed],,450
(no playlist — BILtalks - Videos),hnNnxFKC3Ws,BIL 2012 - Google Hangout With Graham Hill,,418
(no playlist — BILtalks - Videos),V4ONMMVx8EI,BIL 2012 - Aubrey De Grey - SENS [Main Feed],,1016
(no playlist — BILtalks - Videos),TwtpiB9YKZc,BIL 2012 - Google Hangout with Max,,423
(no playlist — BILtalks - Videos),Ts2Wuwt2ApU,BIL 2012 - Google Hangout with Jaan Tallinn,,414
(no playlist — BILtalks - Videos),TaSX2jLwbiQ,BIL 2012 - Google Hangout with Doctor Nuclear,,474
(no playlist — BILtalks - Videos),PX8TBw50Yio,BIL 2012 - Google Hangout with Ben Thomas,,272
(no playlist — BILtalks - Videos),N6iwIj0qkt4,BIL 2012 - Brad Templeton - The self-driving cars are here [Main Feed],,1074
(no playlist — BILtalks - Videos),MpFAp7z6h6E,BIL 2012 - Google Hangout with Michael Lane,,836
(no playlist — BILtalks - Videos),J1sYIDESFto,BIL 2012 - Carter Gibson - Preserving the Human Factor [Main Feed],,940
(no playlist — BILtalks - Videos),Ff5qAjY2I2o,BIL 2012 - Chelsea Rustrum - A Shareable Life [Main Feed],,726
(no playlist — BILtalks - Videos),75BLNljF7Js,BIL 2012 - Google Hangout With Jerry Tran,,586
(no playlist — BILtalks - Videos),5RsMixnzf9E,BIL 2012 - Google Hangout with Mike,,484
(no playlist — BILtalks - Videos),pEgOMCeHU18,BIL 2012 Space stage - Michael Clive (2),,1664
(no playlist — BILtalks - Videos),nOd7YuQEfTM,"BIL 2012 - Josh Whiton - Autophagy, Life Extension",,900
(no playlist — BILtalks - Videos),iwv9tJWo0FU,BIL 2012 - Alan Minsky - Libertarian [Main Feed],,1189
(no playlist — BILtalks - Videos),YkjzAJ01Pg0,BIL 2012 - Alexandros & Damian - Redesigning Heroism Part 1[Main Feed],,313
(no playlist — BILtalks - Videos),ArnwL48IhoI,BIL 2012 Space stage - Luke Nosek,,1695
(no playlist — BILtalks - Videos),6-vnxP18V9o,BIL 2012 Space stage - George and Loretta Whitesides,,1969
(no playlist — BILtalks - Videos),-wFMbjhIwI4,BIL 2012 Space stage - Loretta Whitesides,,1122
(no playlist — BILtalks - Videos),48o5YCbcEas,BIL2012 - Michael Keenan: Seasteading,,1025
(no playlist — BILtalks - Videos),7MV_GbHW11k,BIL 2012 - Jesse Clark - Space stage,,881
(no playlist — BILtalks - Videos),dzmtdSSaF6M,BIL 2012 - Kyle Cothern - Space stage,,1419
(no playlist — BILtalks - Videos),9u6LnT14-Js,BIL 2012 - Christie Dudley - Space stage,,956
(no playlist — BILtalks - Videos),3I0BYj8tuLs,BIL 2012 - Rex Ridenoure - Space stage,,1746
(no playlist — BILtalks - Videos),J0EquRPM6H0,BIL 2012 - Doug Jones - Space stage,,2066
(no playlist — BILtalks - Videos),YMBLwiYod0k,BIL 2012 - Michael Clive - Space stage,,903
(no playlist — BILtalks - Videos),4VmMD0fWL3Q,BIL 2012 - Zach Urbina - Space stage,,1549
(no playlist — BILtalks - Videos),sPInpNHUmjw,BIL 2012- Rand Simberg- Space stage,,1601
(no playlist — BILtalks - Videos),pX5YJHbrKDM,BIL 2012 - Alex Peake - Code is Literacy,,1059
(no playlist — BILtalks - Videos),DgplXLO0DUo,"BIL2012 - Retaining the Human Factor (Carter Gibson, BIL 2012)",,1046
(no playlist — BILtalks - Videos),W1aO4UwNkD4,Welcome to BIL 2012,,114
(no playlist — BILtalks - Live),md_CvmWDi-4,"BIL - LA 2018 - Sunday, Part 3",,1006
(no playlist — BILtalks - Live),RJhI6YZTMA0,BIL Los Angeles 2016  - Day 2 – LIVE,,26691
(no playlist — BILtalks - Live),NliCZ0R7VE8,BIL LA 2016 - DAY 1,,7953
